Authors,Title,Year,Source title,Volume,Issue,Art. No.,Page start,Page end,Page count,Cited by,Link,Document Type,Source,EID
"Nerbass, F.B., Pecoits-Filho, R., McIntyre, N.J., McIntyre, C.W., Willingham, F.C., Taal, M.W.","Demographic Associations of High Estimated Sodium Intake and Frequency of Consumption of High-Sodium Foods in People With Chronic Kidney Disease Stage 3 in England",2014,"Journal of Renal Nutrition","24","4",,"236","242",,,"http://www.scopus.com/inward/record.url?eid=2-s2.0-84902548086&partnerID=40&md5=cfb0f432471ca0a68b90e37fef39b174",Article,Scopus,2-s2.0-84902548086
"De Souza, C.M., Braosi, A.P.R., Luczyszyn, S.M., Olandoski, M., Kotanko, P., Craig, R.G., Trevilatto, P.C., Pecoits-Filho, R.","Association among oral health parameters, periodontitis, and its treatment and mortality in patients undergoing hemodialysis",2014,"Journal of Periodontology","85","6",,"e169","e178",,,"http://www.scopus.com/inward/record.url?eid=2-s2.0-84903481706&partnerID=40&md5=65c63967ac3206892aa4c8cdc245eb2b",Article,Scopus,2-s2.0-84903481706
"Pecoits-Filho, R., De Moraes, T.P.","Dialysis: Systemic IL-6 levels predict survival after peritoneal dialysis",2013,"Nature Reviews Nephrology","9","12",,"708","710",,,"http://www.scopus.com/inward/record.url?eid=2-s2.0-84888882237&partnerID=40&md5=f95b909b8da375f4c14a7ad1cff54376",Article,Scopus,2-s2.0-84888882237
"Ceccon, F.T., Azevedo, V.F., Engelhorn, C.A., Abdalla, D.S.P., Faulin, T.E.S., Guarita-Souza, L.C., Pecoits-Filho, R., Faria-Neto, J.R.","Evaluation of sub-clinical atherosclerosis and plasma levels of minimally modified ldl in patients with ankylosing spondylitis and its correlation with disease activity [Avaliação da aterosclerose subclínica e de níveis plasmáticos de ldl minimamente modifi cada em pacientes com espondilite anquilosante e sua correlação com a atividade da doença]",2013,"Revista Brasileira de Reumatologia","53","6",,"470","475",,,"http://www.scopus.com/inward/record.url?eid=2-s2.0-84894107634&partnerID=40&md5=4f8ab74d391f4196019bc525808857b5",Article,Scopus,2-s2.0-84894107634
"dos Santos Grincenkov, F.R., Fernandes, N., Chaoubah, A., Fernandes, N.S., Bastos, K., Lopes, A.A., Qureshi, A.R., Finkelstein, F.O., Pecoits-Filho, R., Divino-Filho, J.C., Bastos, M.G.","Longitudinal changes in health-related quality of life scores in Brazilian incident peritoneal dialysis patients (BRAZPD): Socio-economic status not a barrier",2013,"Peritoneal Dialysis International","33","6",,"687","696",,,"http://www.scopus.com/inward/record.url?eid=2-s2.0-84890399627&partnerID=40&md5=99103277af58b5d5126f1468a55a5c5a",Article,Scopus,2-s2.0-84890399627
"Fernandes, N.M.D.S., Hoekstra, T., Van Den Beukel, T.O., Tirapani, L., Bastos, K., Pecoits-Filho, R., Qureshi, A.R., Dekker, F.W., Bastos, M.G., Divino-Filho, J.C.","Association of ethnicity and survival in peritoneal dialysis: A cohort study of incident patients in Brazil",2013,"American Journal of Kidney Diseases","62","1",,"89","96",,1,"http://www.scopus.com/inward/record.url?eid=2-s2.0-84879414704&partnerID=40&md5=66f281e09b895881bd0ed2ee66ac5ed8",Article,Scopus,2-s2.0-84879414704
"Azevedo, V.F., Faria-Neto, J.R., Stinghen, A., Lorencetti, P.G., Miller, W.P., Gonçalves, B.P., Szyhta, C.C., Pecoits-Filho, R.","IL-8 but not other biomarkers of endothelial damage is associated with disease activity in patients with ankylosing spondylitis without treatment with anti-TNF agents",2013,"Rheumatology International","33","7",,"1779","1783",,1,"http://www.scopus.com/inward/record.url?eid=2-s2.0-84879690276&partnerID=40&md5=d3450e835be0bfbaed5de6254431374d",Article,Scopus,2-s2.0-84879690276
"Henriques, V.T., Martinez, E.Z., Divino-Filho, J.C., Pecoits-Filho, R., Cardeal da Costa, J.A.","Increase in BMI Over Time Is Associated With Fluid Overload and Signs of Wasting in Incident Peritoneal Dialysis Patients",2013,"Journal of Renal Nutrition","23","3",,"e51","e57",,,"http://www.scopus.com/inward/record.url?eid=2-s2.0-84876730659&partnerID=40&md5=a89583b0c82526497357e07d3c2e9a48",Article,Scopus,2-s2.0-84876730659
"Gonçalves, S.M., Dal Lago, E.A., De Moraes, T.P., Kloster, S.C., Boros, G., Colombo, M., Raboni, L., Olandoski, M., Fernandes, N., Qureshi, A.R., Divino Filho, J.C., Pecoits-Filho, R.","Lack of adequate predialyis care and previous hemodialysis, but not hemoglobin variability, are independent predictors of anemia-associated mortality in incident Brazilian peritoneal dialysis patients: Results from the BRAZPD study",2013,"Blood Purification","34","3-4",,"298","305",,1,"http://www.scopus.com/inward/record.url?eid=2-s2.0-84870754726&partnerID=40&md5=0a76e99397838ed4b2564dcb7eab9d60",Article,Scopus,2-s2.0-84870754726
"Rodrigues, S.D., Batista, G.B., Ingberman, M., Pecoits-Filho, R., Nakao, L.S.","Plasma cysteine/cystine reduction potential correlates with plasma creatinine levels in chronic kidney disease",2013,"Blood Purification","34","3-4",,"231","237",,,"http://www.scopus.com/inward/record.url?eid=2-s2.0-84874684082&partnerID=40&md5=bfe7168541e854f77b2df9cf8b075046",Article,Scopus,2-s2.0-84874684082
"Barberato, S.H., Bucharles, S.G.E., de Souza, A.M., Costantini, C.O., Costantini, C.R.F., Pecoits-Filho, R.","Association between inflammatory markers and left atrial enlargement in patients on Hemodialysis",2013,"Arquivos Brasileiros de Cardiologia","100","2",,"141","146",,,"http://www.scopus.com/inward/record.url?eid=2-s2.0-84878202880&partnerID=40&md5=dfc404b14429f06b12b515a3d773db9d",Article,Scopus,2-s2.0-84878202880
"Craig, R.G., Pernat, A.M., Pecoits-Filho, R., Levin, N.W., Kotanko, P.","Periodontal Diseases and Systemic Inflammation",2013,"Seminars in Dialysis","26","1",,"23","28",,2,"http://www.scopus.com/inward/record.url?eid=2-s2.0-84872948686&partnerID=40&md5=8ae5dbcc368405ca55a544ede98e5b53",Editorial,Scopus,2-s2.0-84872948686
"Lima, H.N., Cabral, N.L., Franklin, J., Moro, C.H.C., Pecoits-Filho, R., Gonçalves, A.R.","Age dependent impact of estimated glomerular filtration rate on long-term survival after ischaemic stroke",2012,"Nephrology","17","8",,"725","732",,5,"http://www.scopus.com/inward/record.url?eid=2-s2.0-84868148493&partnerID=40&md5=1da1f609dcfa5dd6eb340e687b93f08b",Article,Scopus,2-s2.0-84868148493
"Braosi, A.P.R., de Souza, C.M., Luczyszyn, S.M., Dirschnabel, A.J., Claudino, M., Olandoski, M., Probst, C.M., Garlet, G.P., Pecoits-Filho, R., Trevilatto, P.C.","Analysis of IL1 gene polymorphisms and transcript levels in periodontal and chronic kidney disease",2012,"Cytokine","60","1",,"76","82",,3,"http://www.scopus.com/inward/record.url?eid=2-s2.0-84865416170&partnerID=40&md5=081312e8e2ab893bfa3e5cf4fc5016b1",Article,Scopus,2-s2.0-84865416170
"de Moraes, T.P., Campos, R.P., de Alcântara, M.T., Chula, D., Vieira, M.A., Riella, M.C., Olandowski, M., Divino-Filho, J.C., Pecoits-Filho, R.","Similar Outcomes of Catheters Implanted by Nephrologists and Surgeons: Analysis of the Brazilian Peritoneal Dialysis Multicentric Study",2012,"Seminars in Dialysis","25","5",,"565","568",,4,"http://www.scopus.com/inward/record.url?eid=2-s2.0-84866537495&partnerID=40&md5=b8db701c406aa2580a453d20efed4759",Article,Scopus,2-s2.0-84866537495
"Luczyszyn, S.M., De Souza, C.M., Braosi, A.P.R., Dirschnabel, A.J., Claudino, M., Repeke, C.E., Faucz, F.R., Garlet, G.P., Pecoits-Filho, R., Trevilatto, P.C.","Analysis of the association of an MMP1 promoter polymorphism and transcript levels with chronic periodontitis and end-stage renal disease in a Brazilian population",2012,"Archives of Oral Biology","57","7",,"954","963",,4,"http://www.scopus.com/inward/record.url?eid=2-s2.0-84862858446&partnerID=40&md5=fc586c2558b45e08b14d413641ab5ba2",Article,Scopus,2-s2.0-84862858446
"Divino-Filho, J.C., De Andrade Bastos, K., Qureshi, A.R., Riella, M.C., Pecoits-Filho, R., Fernandes, N.","Brazilian peritoneal dialysis multicenter study (BRAZPD): From conception to execution of a national peritoneal dialysis reality check",2012,"Contributions to Nephrology","178",,,"23","29",,,"http://www.scopus.com/inward/record.url?eid=2-s2.0-84862148041&partnerID=40&md5=ef30809f3b5eb4b1f3d96e8003eb9b47",Article,Scopus,2-s2.0-84862148041
"Ferreira-Filho, S.R., Machado, G.R., Ferreira, V.C., Rodrigues, C.F.M.A., de Moraes, T.P., Divino-Filho, J.C., Olandoski, M., McIntyre, C., Pecoits-Filho, R.","Back to basics: Pitting edema and the optimization of hypertension treatment in incident peritoneal dialysis patients (brazpd)",2012,"PLoS ONE","7","5", e36758,"","",,,"http://www.scopus.com/inward/record.url?eid=2-s2.0-84861397667&partnerID=40&md5=49563a01aa06488ca90e6ee78776687b",Article,Scopus,2-s2.0-84861397667
"Baroni, G., Schuinski, A., De Moraes, T.P., Meyer, F., Pecoits-Filho, R.","Inflammation and the peritoneal membrane: Causes and impact on structure and function during peritoneal dialysis",2012,"Mediators of Inflammation","2012",, 912595,"","",,8,"http://www.scopus.com/inward/record.url?eid=2-s2.0-84861086751&partnerID=40&md5=43db84c7345a854c8c5b4b5440c49d8c",Review,Scopus,2-s2.0-84861086751
"Bucharles, S., Barberato, S.H., Stinghen, A.E.M., Gruber, B., Piekala, L., Dambiski, A.C., Custodio, M.R., Pecoits-Filho, R.","Impact of Cholecalciferol Treatment on Biomarkers of Inflammation and Myocardial Structure in Hemodialysis Patients Without Hyperparathyroidism",2012,"Journal of Renal Nutrition","22","2",,"284","291",,21,"http://www.scopus.com/inward/record.url?eid=2-s2.0-84856351047&partnerID=40&md5=fdcd7f445a1201da996cd6dffdcd1e6b",Article,Scopus,2-s2.0-84856351047
"Olandoski, M., De Lima, R.R., Da Silva, M.M.F., Pecoits-Filho, R., Barboza, A.O., Erbano, B.O., Moura, L.Z., Brofman, P.R.S., Faria-Neto, J.R.","Interaction of anemia and decrease in renal function on survival of patients with heart failure",2012,"International Journal of Cardiology","154","3",,"338","340",,1,"http://www.scopus.com/inward/record.url?eid=2-s2.0-84855920454&partnerID=40&md5=eb63850305f615dc5b24258210adeb28",Letter,Scopus,2-s2.0-84855920454
"Pecoits-Filho, R., Bucharles, S., Barberato, S.H.","Diastolic heart failure in dialysis patients: Mechanisms, diagnostic approach, and treatment",2012,"Seminars in Dialysis","25","1",,"35","41",,15,"http://www.scopus.com/inward/record.url?eid=2-s2.0-84856286989&partnerID=40&md5=1092e081ad51621eaccaa69ea8c4a752",Review,Scopus,2-s2.0-84856286989
"Varela, A.M., Taniguchi, E., Stadler, N., Faria-Neto, J.R., Pecoits-Filho, R.","Use of intravascular ultrasonography for the characterization of coronary artery disease in patients with chronic kidney disease.",2011,"Jornal brasileiro de nefrologia : 'orgão oficial de Sociedades Brasileira e Latino-Americana de Nefrologia","33","4",,"413","421",,,"http://www.scopus.com/inward/record.url?eid=2-s2.0-84866286870&partnerID=40&md5=0d7e3b29e61134c4c1055771b58e1848",Article,Scopus,2-s2.0-84866286870
"Stinghen, A.E.M., Pecoits-Filho, R.","Vascular damage in kidney disease: Beyond hypertension",2011,"International Journal of Hypertension","2011",, 232683,"","",,6,"http://www.scopus.com/inward/record.url?eid=2-s2.0-84857634081&partnerID=40&md5=17f3442cfa805c105f148bf954119cf4",Review,Scopus,2-s2.0-84857634081
"Carmona, A.A., Rigon, B.G., Barroso, M.P., Hauser, A.B., Précoma, D., Bucharles, S., Noronha, L., Pécoits-Filho, R.","Induction of systemic inflammation and thickening of subepicardiac arteries in an animal model of uremia.",2011,"Jornal brasileiro de nefrologia : 'orgão oficial de Sociedades Brasileira e Latino-Americana de Nefrologia","33","4",,"408","412",,1,"http://www.scopus.com/inward/record.url?eid=2-s2.0-84866284101&partnerID=40&md5=0ff3052a3d4f820c1804ac59ceabd43f",Article,Scopus,2-s2.0-84866284101
"Ito, C.A., Pecoits-Filho, R., Bail, L., Wosiack, M.A., Afinovicz, D., Hauser, A.B.","Comparative analysis of two methodologies for the identification of urinary red blood cell casts.",2011,"Jornal brasileiro de nefrologia : 'orgão oficial de Sociedades Brasileira e Latino-Americana de Nefrologia","33","4",,"402","407",,,"http://www.scopus.com/inward/record.url?eid=2-s2.0-84866279278&partnerID=40&md5=3b7d25ca546c1b3e9682921287d490e3",Article,Scopus,2-s2.0-84866279278
"Guilgen, G., Werneck, M.L., De Noronha, L., Martins, A.P.C., Varela, A.M., Nakao, L.S., Pecoits-Filho, R.","Increased calcification and protein nitration in arteries of chronic kidney disease patients",2011,"Blood Purification","32","4",,"296","302",,4,"http://www.scopus.com/inward/record.url?eid=2-s2.0-80052099373&partnerID=40&md5=6124395e9d57502301b09f069290b4c2",Article,Scopus,2-s2.0-80052099373
"Martin, L.C., Caramori, J.C.T., Fernandes, N., Divino-Filho, J.C., Pecoits-Filho, R., Barretti, P.","Geographic and educational factors and risk of the first peritonitis episode in brazilian peritoneal dialysis study (BRAZPD) patients",2011,"Clinical Journal of the American Society of Nephrology","6","8",,"1944","1951",,18,"http://www.scopus.com/inward/record.url?eid=2-s2.0-80051576398&partnerID=40&md5=efae855a0b91e6fd4ae325a9900cb224",Article,Scopus,2-s2.0-80051576398
"Bastos, K.A., Qureshi, A.R., Lopes, A.A., Fernandes, N., Barbosa, L.M.M., Pecoits-Filho, R., Divino-Filho, J.C.","Family income and survival in Brazilian peritoneal dialysis multicenter study patients (BRAZPD): Time to revisit a myth?",2011,"Clinical Journal of the American Society of Nephrology","6","7",,"1676","1683",,8,"http://www.scopus.com/inward/record.url?eid=2-s2.0-79960316491&partnerID=40&md5=577c2c2e77bed3a144b59d38c0740a19",Article,Scopus,2-s2.0-79960316491
"Bucharles, S., Barberato, S.H., Stinghen, A.E., Gruber, B., Meister, H., Mehl, A., Piekala, L., Dambiski, A.C., Souza, A., Olandoski, M., Pecoits-Filho, R.","Hypovitaminosis D is associated with systemic inflammation and concentric myocardial geometric pattern in hemodialysis patients with low iPTH levels",2011,"Nephron - Clinical Practice","118","4",,"c384","c391",,6,"http://www.scopus.com/inward/record.url?eid=2-s2.0-79851513393&partnerID=40&md5=dd8b0cca3e9566888f809391ed1eebbf",Article,Scopus,2-s2.0-79851513393
"Hauser, A.B., Stinghen, A.E.M., Gonçalves, S.M., Bucharles, S., Pecoits-Filho, R.","A gut feeling on endotoxemia: Causes and consequences in chronic kidney disease",2011,"Nephron - Clinical Practice","118","2",,"c165","c172",,9,"http://www.scopus.com/inward/record.url?eid=2-s2.0-78650056769&partnerID=40&md5=6f756c4fd83cde0155d26d2a1ad36def",Review,Scopus,2-s2.0-78650056769
"de Moraes, T.P., Fortes, P.C., Ribeiro, S.C., Riella, M.C., Pecoits-Filho, R.","Comparative analysis of lipid and glucose metabolism biomarkers in non-diabetic hemodialysis and peritoneal dialysis patients.",2011,"Jornal brasileiro de nefrologia : 'orgão oficial de Sociedades Brasileira e Latino-Americana de Nefrologia","33","2",,"173","179",,3,"http://www.scopus.com/inward/record.url?eid=2-s2.0-84859891565&partnerID=40&md5=f53c7f32120c021bc1f25ef8efff5f09",Article,Scopus,2-s2.0-84859891565
"Grincenkov, F.R., Fernandes, N., Chaoubah, A., Bastos, K., Qureshi, A.R., Pécoits-Filho, R., Divino Filho, J.C., Bastos, M.G.","Factors associated with the quality of life of incident patients on PD in Brazil (BRAZPD).",2011,"Jornal brasileiro de nefrologia : orgão oficial de Sociedades Brasileira e Latino-Americana de Nefrologia","33","1",,"38","44",,3,"http://www.scopus.com/inward/record.url?eid=2-s2.0-80052828260&partnerID=40&md5=4d6f0e2127d32feee43a513784fd87d4",Article,Scopus,2-s2.0-80052828260
"Leinig, C.E., Moraes, T., Ribeiro, S., Riella, M.C., Olandoski, M., Martins, C., Pecoits-Filho, R.","Predictive Value of Malnutrition Markers for Mortality in Peritoneal Dialysis Patients",2011,"Journal of Renal Nutrition","21","2",,"176","183",,12,"http://www.scopus.com/inward/record.url?eid=2-s2.0-79951578883&partnerID=40&md5=8b7c594cd710b4023af74711c64721b1",Article,Scopus,2-s2.0-79951578883
"Lima, H.N., Cabral, N.L., Gonçalves, A.R.R., Hauser, A., Pecoits-Filho, R.","Association between albuminuria, glomerular filtration rate and mortality or recurrence in stroke patients",2011,"Nephron - Clinical Practice","117","3",,"c246","c252",,4,"http://www.scopus.com/inward/record.url?eid=2-s2.0-77956106625&partnerID=40&md5=40da33a7468670326b35531a9a5fbed9",Article,Scopus,2-s2.0-77956106625
"Fortes, P.C., Mendes, J.G., Sesiuk, K., Marcondes, L.B., Aita, C.A.M., Riella, M.C., Pecoits-Filho, R.","Glycemic and lipidic profile in diabetic patients undergoing dialysis [controle glicêmico e lipídico no paciente diabético em diálise]",2010,"Arquivos Brasileiros de Endocrinologia e Metabologia","54","9",,"793","800",,1,"http://www.scopus.com/inward/record.url?eid=2-s2.0-79952013140&partnerID=40&md5=3cbcb924de76f0225cc344922a6bd4ab",Article,Scopus,2-s2.0-79952013140
"Hauser, A.B., Azevedo, I.R.F., Gonçalves, S., Stinghen, A., Aita, C., Pecoits-Filho, R.","Sevelamer carbonate reduces inflammation and endotoxemia in an animal model of uremia",2010,"Blood Purification","30","3",,"153","158",,9,"http://www.scopus.com/inward/record.url?eid=2-s2.0-77956855146&partnerID=40&md5=3e17ade19833114cca66502cbd77c3f6",Article,Scopus,2-s2.0-77956855146
"Pecoits-Filho, R.","Managing a peritoneal dialysis patient with high risk for cardiovascular disease",2010,"Nephron - Clinical Practice","116","4",,"c283","c288",,,"http://www.scopus.com/inward/record.url?eid=2-s2.0-77954557947&partnerID=40&md5=5066085363c6f6799b6fab143a7a69dd",Conference Paper,Scopus,2-s2.0-77954557947
"Aveles, P.R., Criminácio, C.R., Gonçalves, S., Bignelli, A.T., Claro, L.M., Siqueira, S.S., Nakao, L.S., Pecoits-Filho, R.","Association between biomarkers of carbonyl stress with increased systemic inflammatory response in different stages of chronic kidney disease and after renal transplantation",2010,"Nephron - Clinical Practice","116","4",,"c294","c299",,7,"http://www.scopus.com/inward/record.url?eid=2-s2.0-77954547920&partnerID=40&md5=eb1c797354280a91b4636f63e3f0518c",Article,Scopus,2-s2.0-77954547920
"Azevedo, V.F., Pecoits-Filho, R.","Atherosclerosis and endothelial dysfunction in patients with ankylosing spondylitis",2010,"Rheumatology International","30","11",,"1411","1416",,14,"http://www.scopus.com/inward/record.url?eid=2-s2.0-77957563649&partnerID=40&md5=90134261d9fc0560519b0ef46cf96ce4",Review,Scopus,2-s2.0-77957563649
"Moraes, T.P., Bucharles, S.G., Ribeiro, S.C., Frumento, R., Riella, M.C., Pecoits-Filho, R.","Low-calcium peritoneal dialysis solution is effective in bringing PTH levels to the range recommended by current guidelines in patients with PTH levels < 150 pg/dL.",2010,"Jornal brasileiro de nefrologia : orgão oficial de Sociedades Brasileira e Latino-Americana de Nefrologia","32","3",,"275","280",,,"http://www.scopus.com/inward/record.url?eid=2-s2.0-79960929762&partnerID=40&md5=e14c72f8d51d2909130b21627b9b47c8",Article,Scopus,2-s2.0-79960929762
"Fernandes, N.M., Chaoubah, A., Bastos, K., Lopes, A.A., Divino-Filho, J.C., Pecoits-Filho, R., Bastos, M.G.","Geography of peritoneal dialysis in Brazil: analysis of a cohort of 5,819 patients (BRAZPD).",2010,"Jornal brasileiro de nefrologia : orgão oficial de Sociedades Brasileira e Latino-Americana de Nefrologia","32","3",,"268","274",,1,"http://www.scopus.com/inward/record.url?eid=2-s2.0-79960919164&partnerID=40&md5=19d86a94225449310e0b9f442f3f2e50",Article,Scopus,2-s2.0-79960919164
"Stinghen, A.E.M., Gonçalves, S.M., Bucharles, S., Branco, F.S., Gruber, B., Hauser, A.B., Pecoits-Filho, R.","Sevelamer decreases systemic inflammation in parallel to a reduction in endotoxemia",2010,"Blood Purification","29","4",,"352","356",,22,"http://www.scopus.com/inward/record.url?eid=2-s2.0-77950031877&partnerID=40&md5=283b5d4ba8d89461da6161ec14b868da",Article,Scopus,2-s2.0-77950031877
"Barberato, S.H., Bucharles, S.G.E., Sousa, A.M., Costantini, C.O., Costantini, C.R.F., Pecoits-Filho, R.","Prevalence and prognostic impact of diastolic dysfunction in patients with chronic kidney disease on hemodialysis [Prevalência e impacto prognóstico da disfunção diastólica na doença renal crônica em hemodiálise]",2010,"Arquivos Brasileiros de Cardiologia","94","4",,"431","436",,7,"http://www.scopus.com/inward/record.url?eid=2-s2.0-77953142667&partnerID=40&md5=2405646532e7006964e6a5893f5899bd",Article,Scopus,2-s2.0-77953142667
"Pecoits-Filho, R., Barberato, S.H.","Echocardiography in chronic kidney disease: Diagnostic and prognostic implications",2010,"Nephron - Clinical Practice","114","4",,"c242","c246",,8,"http://www.scopus.com/inward/record.url?eid=2-s2.0-74249093829&partnerID=40&md5=2d2dd78baafc8decceec15ae885bc9d5",Short Survey,Scopus,2-s2.0-74249093829
"Barberato, S.H., Bucharles, S.G., Sousa, A.M., Costantini, C.O., Costantini, C.R., Pecoits-Filho, R.","[Prevalence and prognostic impact of diastolic dysfunction in patients with chronic kidney disease on hemodialysis]. [Prevalência e impacto prognóstico da disfunção diastólica na doença renal crônica em hemodiálise.]",2010,"Arquivos brasileiros de cardiologia","94","4",,"457","462",,6,"http://www.scopus.com/inward/record.url?eid=2-s2.0-79951971085&partnerID=40&md5=a0922d86d3cdb3e7703fa42da998f0c9",Article,Scopus,2-s2.0-79951971085
"Bucharles, S.G., Varela, A.M., Barberato, S.H., Pecoits-Filho, R.","[Assessment and management of cardiovascular disease in patients with chronic kidney disease].",2010,"Jornal brasileiro de nefrologia : 'orgão oficial de Sociedades Brasileira e Latino-Americana de Nefrologia","32","1",,"118","125",,3,"http://www.scopus.com/inward/record.url?eid=2-s2.0-84865436789&partnerID=40&md5=4e1990d773368fa5868b91f473660a64",Review,Scopus,2-s2.0-84865436789
"Barberato, S.H., Pecoits-Filho, R.","Echocardiographic alterations in patients with chronic kidney failure undergoing hemodialysis [Alterações ecocardiográficas em pacientes com insuficiência renal crônica em programa de hemodiálise.]",2010,"Arquivos brasileiros de cardiologia","94","1",,"140","146",,3,"http://www.scopus.com/inward/record.url?eid=2-s2.0-77957584437&partnerID=40&md5=e336f1224a700e65d60fb0e64b4f01e9",Review,Scopus,2-s2.0-77957584437
"Barberato, S.H., Pecoits-Filho, R.","Echocardiographic alterations in patients with chronic kidney failure undergoing hemodialysis [Alteraciones ecocardiográficas en pacientes con insuficiencia renal crónica en programa de hemodiálisis]",2010,"Arquivos Brasileiros de Cardiologia","94","1",,"131","137",,,"http://www.scopus.com/inward/record.url?eid=2-s2.0-77951554685&partnerID=40&md5=2326c97942b579ca75c848dd30f64e7d",Review,Scopus,2-s2.0-77951554685
"Glassock, R.J., Pecoits-Filho, R., Barbareto, S.","Increased left ventricular mass in chronic kidney disease and end-stage renal disease: What are the implications?",2010,"Dialysis and Transplantation","39","1",,"16","19",,3,"http://www.scopus.com/inward/record.url?eid=2-s2.0-76749122017&partnerID=40&md5=1d47ed03199587f8f23fc411d64b5b5b",Article,Scopus,2-s2.0-76749122017
"Stinghen, A.E.M., Bucharles, S., Riella, M.C., Pecoits-Filho, R.","Immune mechanisms involved in cardiovascular complications of chronic kidney disease",2010,"Blood Purification","29","2",,"114","120",,15,"http://www.scopus.com/inward/record.url?eid=2-s2.0-77749306557&partnerID=40&md5=6d696d16a2417afac2b4cb1b292225b3",Review,Scopus,2-s2.0-77749306557
"Glassock, R.J., Pecoits-Filho, R., Barberato, S.H.","Left ventricular mass in chronic kidney disease and ESRD",2009,"Clinical Journal of the American Society of Nephrology","4","SUPPL. 1",,"S79","S91",,85,"http://www.scopus.com/inward/record.url?eid=2-s2.0-73849100028&partnerID=40&md5=0af3e58a138c96b77eebbcfec03baa63",Conference Paper,Scopus,2-s2.0-73849100028
"Moraes, T.P., Pecoits-Filho, R., Ribeiro, S.C., Rigo, M., Silva, M.M., Teixeira, P.S., Pasqual, D.D., Fuerbringer, R., Riella, M.C.","Peritoneal dialysis in Brazil: Twenty-five years of experience in a single center",2009,"Peritoneal Dialysis International","29","5",,"492","498",,13,"http://www.scopus.com/inward/record.url?eid=2-s2.0-73949108186&partnerID=40&md5=70b43448fa477ff7922977efc193d023",Article,Scopus,2-s2.0-73949108186
"Finkelstein, F.O., Abu-Aisha, H., Najafi, I., Lo, W.K., Abraham, G., Pecoits-Filho, R., Süleymanlar, G.","Peritoneal dialysis in the developing world: Recommendations from a symposium at the ISPD meeting 2008",2009,"Peritoneal Dialysis International","29","6",,"618","622",,6,"http://www.scopus.com/inward/record.url?eid=2-s2.0-77957559674&partnerID=40&md5=738b5c62bcb07526728a9f6f28ebecc0",Article,Scopus,2-s2.0-77957559674
"Brown, E.A., van Biesen, W., Finkelstein, F.O., Hurst, H., Johnson, D.W., Kawanishi, H., Pecoits-Filho, R., Woodrow, G.","Length of time on peritoneal dialysis and encapsulating peritoneal sclerosis: Position paper for ISPD",2009,"Peritoneal Dialysis International","29","6",,"595","600",,33,"http://www.scopus.com/inward/record.url?eid=2-s2.0-77950882878&partnerID=40&md5=2a686c8cc14d44a6217f523cf85953a3",Article,Scopus,2-s2.0-77950882878
"Barberato, S.H., Misocami, M., Pecoits-Filho, R.","Association between left atrium enlargement and intradialytic hypotension: Role of diastolic dysfunction in the hemodynamic complications during hemodialysis: CME",2009,"Echocardiography","26","7",,"767","771",,9,"http://www.scopus.com/inward/record.url?eid=2-s2.0-68749103768&partnerID=40&md5=805ce2b4ec9ca109f6a113bd8d1a75d3",Article,Scopus,2-s2.0-68749103768
"Fan, P., Barberato, S.H., Misocami, M., Pecoits-Filho, R.","Continuing medical education program in echocardiography.",2009,"Echocardiography (Mount Kisco, N.Y.)","26","7",,"766","",,,"http://www.scopus.com/inward/record.url?eid=2-s2.0-77449141132&partnerID=40&md5=fbed327db37573bdc4bafae5952c07cd",Article,Scopus,2-s2.0-77449141132
"De Moraes, T.P., Pecoits-Filho, R.","Metabolic impact of peritoneal dialysis",2009,"Contributions to Nephrology","163",,,"117","123",,7,"http://www.scopus.com/inward/record.url?eid=2-s2.0-67651230566&partnerID=40&md5=a35dac2b742d0238ef27a211b082ab8f",Article,Scopus,2-s2.0-67651230566
"Fortes, P.C., de Moraes, T.P., Mendes, J.G., Stinghen, A.E., Ribeiro, S.C., Pecoits-Filho, R.","Insulin resistance and glucose homeostasis in peritoneal dialysis",2009,"Peritoneal Dialysis International","29","SUPPL. 2",,"S145","S148",,23,"http://www.scopus.com/inward/record.url?eid=2-s2.0-67449105018&partnerID=40&md5=75f97ef8c5c7dbb13a09864d005faf05",Conference Paper,Scopus,2-s2.0-67449105018
"Pecoits-Filho, R., Campos, C., Cerdas-Calderon, M., Fortes, P., Jarpa, C., Just, P., Luconi, P., Lugon, J.R., Pacheco, A., Paniagua, R., Rodriguez, K., Sanabria, M., Sciaraffia, V., Velasco, C., De Arteaga, J.","Policies and health care financing issues for dialysis in Latin America: Extracts from the roundtable discussion on the economics of dialysis and chronic kidney disease",2009,"Peritoneal Dialysis International","29","SUPPL. 2",,"S222","S226",,8,"http://www.scopus.com/inward/record.url?eid=2-s2.0-67449108301&partnerID=40&md5=e765092cac32ce95cc5fa10677869524",Conference Paper,Scopus,2-s2.0-67449108301
"Pecoits-Filho, R.","Applying translational research in understanding complications and defining targets for intervention: Inflammation in PD as a model",2009,"Peritoneal Dialysis International","29","2",,"135","141",,1,"http://www.scopus.com/inward/record.url?eid=2-s2.0-67149088543&partnerID=40&md5=dac7f5aa58a6fd6075cc6e34f061be0a",Review,Scopus,2-s2.0-67149088543
"Berwanger, O., Sousa, A.G.M.R., Sousa, J.E., Cavalcanti, A.B., Amodeo, C., Lotaif, L.D., Buehler, A.M., Carballo, M.T., Cardoso, C.E.S., Kodama, A.A., da Silva, D., Mendes, A.L., Lobato, J., Costa, E., Reis, H., de Assis, G.M.C.C., Cardoso, G.L., Barbosa, M.M., de Aguiar Filho, F.A.A., Gama, C.A.V., Silva, M.G.A., Aguiar, B.M., Ferreira, M.G., Feitosa, G.S., Filho, E.V., Rocha, E.B.D., Paiva, M.S.M.O., Czochra, E.R., Oliveira, L.A.R.R., de Oliveira, I.R., Pinheiro, F., Dourado, G.O., Luna Filho, A.L., Pacheco, A., Nunes, P.M.S., de Sá Filho, A.P., Martins, H.C., Lopes, M.A.C., Barros, M.A.V., Mattos, C., Neves, M.A., Medeiros, C.R., Mattos, C., Duarte, L., Mattos, C., Cramer, H., Santos Jr., B., Tura, B.R., Rodrigues, C.V., Terreiro, L.A.O., Alves, M.A., Soares, J.S., da Cunha, C.C., da Silva, A.C.B., Barcelos, A.M., Teixeira, M.A., Pinto, J.S., Saad, J.A., Mandil, A., Falcheto, E., Arěas, C.A.F., Dall'Orto, F.T.C., Freitas, I.F., Botelho, R.V., Seabra, M.D.G., Rosa, C.A.S., Pereira, A.D.S., Reis, S.S.A., Pereira, V.J., Cunha, S.M.C., Ramalho, G.M., dos Santos, R.R., Muniz, A.J., Loures, J.B.L., Amorim, T., Muniz, A.J., Loures, J.B.L., Abraão, A.C.O., Padilha, R.M., Moreira, A.C., Feres, F., Centemero, M., Costa, R., Esteves, V., Almeida, B.O., Janella, B.L., Almeida, M.C., Stella, F.P., Almeida, J.D., Kloth, V.R., Mangione, J.A., Mauro, M.F.Z., Tallo, F., Santos, D.J.A., Castello, H., Cantarelli, M.J.C., Baradel, S., Francisco, P.S., das Candeias, M.O., Maiello, J.R., Seixas, E.A., Teixerense, P.T., de Toledo, J.F.B., Gubolino, L.A., Prates, G.J.G., Yokoyama, H., de Almeida, P., Pessoa, C.M.A., Machado, N.C.S., Garzon, P.G.A., Antonǎngelo, A.F.P., Galeazzi, P.B.S., Queirantes, C.S.P., Cavalini, V.H., Labrunie, A., de Andrade, P.B., Tebet, M.A., Devito, F.S., Farias, C.E., Nicolela Jr., E.L., Passos, H.M., Rubio, P., Gubolino, L.A., Teixerense, P.T., de Toledo, J.F.B., Nunes, G.L., Roehrig, C., de Oliveira, A.T., Wainstein, M.V., Ribeiro, J.P., Teixeira, C., Atallah, T.N., Gomes, C., Morelli, H., Costantini, C.R., Tarbine, S.G., Santos, M.F., Ortiz, C.C., de Souza, A.B., Pecoits-Filho, R., Koppe, G., Hoffman, P.D., Faria Neto, J.R., Wang, R., Cury, C., Stadler, N., Nercolini, D.C., Zanuzzi, C., Bueno, R.R., Guerios, E.E., Tarastchuk, J.C.E., Peixoto, M.L., Labrunie, A., de Andrade, P.B., Tebet, M.A., Thiago, L.E.S., Giuliano, L.C., Aranha, F.G., Misiak, M., Thiago, L.E.S., Giuliano, L.C., Antunes, M.H., da Conceição, R.S., Abreu, S.M., Preve, J.C., Guimarães, J.S.P., de Araújo Filho, D., Araújo, E.C., de Sousa, L.N.L., Fonseca, A.G.T., da Motta, P.A.M., Osterne, E.C.V., Da Motta, V.P., Zimmermann, A.C.G.R.","Rationale, design, and baseline characteristics of the Acetylcystein for Contrast-Induced nephropaThy (ACT) Trial: A pragmatic randomized controlled trial to evaluate the efficacy of acetylcysteine for the prevention of contrast-induced nephropathy",2009,"Trials","10",, 38,"","",,12,"http://www.scopus.com/inward/record.url?eid=2-s2.0-67651208480&partnerID=40&md5=32b0ee510925ca6cdd3c6a70f08a4a04",Article,Scopus,2-s2.0-67651208480
"Stinghen, A.E.M., Gonçalves, S.M., Martines, E.G., Nakao, L.S., Riella, M.C., Aita, C.A., Pecoits-Filho, R.","Increased plasma and endothelial cell expression of chemokines and adhesion molecules in chronic kidney disease",2009,"Nephron - Clinical Practice","111","2",,"c117","c126",,26,"http://www.scopus.com/inward/record.url?eid=2-s2.0-58149510772&partnerID=40&md5=c3a9944983bbd092dcb77b980d1ab924",Article,Scopus,2-s2.0-58149510772
"Cordeiro, A.C., de Castro, I., Pecoits-Filho, R., Ramasawmy, R., Rodrigues, H., Borba, S.C.P., Pereira, L.M., Romão Jr., J.E., David-Neto, E., Ianhez, L.E., Kalil, J., Abensur, H.","Influence of Single-Nucleotide Polymorphisms on C-Reactive Protein Levels in Chronic Kidney Disease Before and After Kidney Transplantation",2008,"Transplantation Proceedings","40","10",,"3349","3353",,,"http://www.scopus.com/inward/record.url?eid=2-s2.0-57549108859&partnerID=40&md5=bffb31f47f7537a235f2b170fc0771c0",Article,Scopus,2-s2.0-57549108859
"Avesani, C.M., Kamimura, M.A., Utaka, S., Pecoits-Filho, R., Nordfors, L., Stenvinkel, P., Lindholm, B., Draibe, S.A., Cuppari, L.","Is UCP2 Gene Polymorphism Associated With Decreased Resting Energy Expenditure in Nondialyzed Chronic Kidney Disease Patients?",2008,"Journal of Renal Nutrition","18","6",,"489","494",,3,"http://www.scopus.com/inward/record.url?eid=2-s2.0-53749084211&partnerID=40&md5=7ec431d70b1ae1d9b822e65b4a939bb4",Article,Scopus,2-s2.0-53749084211
"Luttropp, K., Stenvinkel, P., Carrero, J.J., Pecoits-Filho, R., Lindholm, B., Nordfors, L.","Understanding the role of genetic polymorphisms in chronic kidney disease",2008,"Pediatric Nephrology","23","11",,"1941","1949",,5,"http://www.scopus.com/inward/record.url?eid=2-s2.0-53749097216&partnerID=40&md5=591c8db597cccaf34e8f058049dc11db",Review,Scopus,2-s2.0-53749097216
"Baioni, C.S., De Souza, C.M., Ribeiro Braosi, A.P., Luczyszyn, S.M., Dias Da Silva, M.A., Ignácio, S.A., Naval MacHado, M.Â., Benato Martins, W.D., Riella, M.C., Pecoits-Filho, R., Trevilatto, P.C.","Analysis of the association of polymorphism in the osteoprotegerin gene with susceptibility to chronic kidney disease and periodontitis",2008,"Journal of Periodontal Research","43","5",,"578","584",,5,"http://www.scopus.com/inward/record.url?eid=2-s2.0-50849120053&partnerID=40&md5=7d5bbf0781190d32a4e4f92d5aa777c8",Article,Scopus,2-s2.0-50849120053
"Leinig, C., Pecoits-Filho, R., Nascimento, M.M., Gonçalves, S., Riella, M.C., Martins, C.","Association Between Body Mass Index and Body Fat in Chronic Kidney Disease Stages 3 to 5, Hemodialysis, and Peritoneal Dialysis Patients",2008,"Journal of Renal Nutrition","18","5",,"424","429",,8,"http://www.scopus.com/inward/record.url?eid=2-s2.0-49449083917&partnerID=40&md5=44c2d8114a09edd57c57dba534ab52dc",Article,Scopus,2-s2.0-49449083917
"Kato, S., Chmielewski, M., Honda, H., Pecoits-Filho, R., Matsuo, S., Yuzawa, Y., Tranaeus, A., Stenvinkel, P., Lindholm, B.","Aspects of immune dysfunction in end-stage renal disease",2008,"Clinical Journal of the American Society of Nephrology","3","5",,"1526","1533",,98,"http://www.scopus.com/inward/record.url?eid=2-s2.0-53749090099&partnerID=40&md5=efc7a7d638846b79bb76e4b1519fd36b",Review,Scopus,2-s2.0-53749090099
"Hauser, A.B., Stinghen, A.E.M., Kato, S., Bucharles, S., Aita, C., Yuzawa, Y., Pecoits-Filho, R.","Characteristics and causes of immune dysfunction related to uremia and dialysis",2008,"Peritoneal Dialysis International","28","SUPP. 3",,"S183","S187",,62,"http://www.scopus.com/inward/record.url?eid=2-s2.0-48849098927&partnerID=40&md5=284ca14753a5ff7f4c51cf69babb8966",Conference Paper,Scopus,2-s2.0-48849098927
"Souza, C.M., Braosi, A.P.R., Luczyszyn, S.M., Casagrande, R.W., Pecoits-Filho, R., Riella, M.C., Ignácio, S.A., Trevilatto, P.C.","Oral health in Brazilian patients with chronic renal disease",2008,"Revista Medica de Chile","136","6",,"741","746",,12,"http://www.scopus.com/inward/record.url?eid=2-s2.0-51349118570&partnerID=40&md5=d412bc65e11c154a8518943ae14c87b5",Article,Scopus,2-s2.0-51349118570
"Pawlaczyk, K., Polubinska, A., Numata, M., Nakayama, M., Pecoits-Filho, R., Czekalski, S., Lindholm, B., Breborowicz, A.","Vascular endothelial growth factor in dialysate in relation to intensity of peritoneal inflammation",2008,"International Journal of Artificial Organs","31","6",,"535","544",,3,"http://www.scopus.com/inward/record.url?eid=2-s2.0-49649118573&partnerID=40&md5=c558baba7f971ee9d663fe0aad277665",Article,Scopus,2-s2.0-49649118573
"Fernandes, N., Bastos, M.G., Cassi, H.V., MacHado, N.L., Ribeiro, J.A., Martins, G., Mourão, O., Bastos, K., Ferreira Filho, S.R., Lemos, V.M., Abdo, M., Vannuchi, M.T.I., Mocelin, A., Bettoni, S.L., Valenzuela, R.V., Lima, M.M., Pinto, S.W., Riella, M.C., Qureshi, A.R., Divino Filho, J.C., Pecoits-Filho, R.","The Brazilian Peritoneal Dialysis Multicenter Study (BRAZPD): Characterization of the cohort",2008,"Kidney International","73","SUPPL. 108",,"S145","S151",,9,"http://www.scopus.com/inward/record.url?eid=2-s2.0-41549120625&partnerID=40&md5=75072124b05ebf73ece6c7dfcff642f2",Article,Scopus,2-s2.0-41549120625
"Fernandes, N., Bastos, M.G., Cassi, H.V., Machado, N.L., Ribeiro, J.A., Martins, G., Mourão, O., Bastos, K., Ferreira Filho, S.R., Lemos, V.M., Abdo, M., Vannuchi, M.T., Mocelin, A., Bettoni, S.L., Valenzuela, R.V., Lima, M.M., Pinto, S.W., Riella, M.C., Qureshi, A.R., Divino Filho, J.C., Pecoits-Filho, R.","The Brazilian Peritoneal Dialysis Multicenter Study (BRAZPD) : characterization of the cohort.",2008,"Kidney international. Supplement",,"108",,"S145","151",,9,"http://www.scopus.com/inward/record.url?eid=2-s2.0-44449161102&partnerID=40&md5=83391788b5b38eab16b02418470b060f",Article,Scopus,2-s2.0-44449161102
"Machado De Souza, C., Ribeiro Braosi, A.P., Luczyszyn, S.M., Rodrigues Ávila, A., Barbosa De Brito Jr., R., Aparecido Ignácio, S., Probst, C.M., Riella, M.C., Santos Sotomaior, V., Távora Mira, M., Pecoits-Filho, R., Trevilatto, P.C.","Association between vitamin D receptor gene polymorphisms and susceptibility to chronic kidney disease and periodontitis",2008,"Blood Purification","25","5-6",,"411","419",,4,"http://www.scopus.com/inward/record.url?eid=2-s2.0-38849205038&partnerID=40&md5=194b56d26ead101714aab4f9bb0f359b",Article,Scopus,2-s2.0-38849205038
"Pecoits-Filho, R., Goncalves, S., Stinghen, A.E., Riella, M.C.","Reply [6]",2007,"Nephrology Dialysis Transplantation","22","10",,"3089","",,,"http://www.scopus.com/inward/record.url?eid=2-s2.0-36048962810&partnerID=40&md5=09ac27f2425060534589f1f421a3e1ce",Letter,Scopus,2-s2.0-36048962810
"Finkelstein, F.O., Abdallah, T.B., Pecoits-Filho, R.","Peritoneal dialysis in the developing world: Lessons from the Sudan",2007,"Peritoneal Dialysis International","27","5",,"529","530",,2,"http://www.scopus.com/inward/record.url?eid=2-s2.0-38449083591&partnerID=40&md5=fb806a7d7468fa8dbe543a3f86b9bd43",Note,Scopus,2-s2.0-38449083591
"Bignelli, A.T., Barberato, S.H., Aveles, P., Abensur, H., Pecoits-Filho, R.","The impact of living donor kidney transplantation on markers of cardiovascular risk in chronic kidney disease patients",2007,"Blood Purification","25","3",,"233","241",,2,"http://www.scopus.com/inward/record.url?eid=2-s2.0-34447519146&partnerID=40&md5=2ae9c8b020b41b9ac54db1c2ebb62ca7",Article,Scopus,2-s2.0-34447519146
"Barberato, S.H., Pecoits Filho, R.","Prognostic value of left atrial volume index in hemodialysis patients [Valor prognóstico do índice do volume do átrio esquerdo em pacientes em hemodiálise]",2007,"Arquivos Brasileiros de Cardiologia","88","6",,"568","575+643-650",,15,"http://www.scopus.com/inward/record.url?eid=2-s2.0-34547600526&partnerID=40&md5=850184ba56738104c503390c481eb61f",Article,Scopus,2-s2.0-34547600526
"Sylvestre, L.C., Fonseca, K.P.D., Stinghen, A.E.M., Pereira, A.M., Meneses, R.P., Pecoits-Filho, R.","The malnutrition and inflammation axis in pediatric patients with chronic kidney disease",2007,"Pediatric Nephrology","22","6",,"864","873",,23,"http://www.scopus.com/inward/record.url?eid=2-s2.0-34247362312&partnerID=40&md5=f25c2587d6720a8e6c8ee5d5235c74eb",Article,Scopus,2-s2.0-34247362312
"Fortes, P.C., Versari, P.H., Stinghen, A.E.M., Pecoits-Filho, R.","Controlling inflammation in peritoneal dialysis: The role of PD-related factors as potential intervention targets",2007,"Peritoneal Dialysis International","27","SUPPL. 2",,"S76","S81",,6,"http://www.scopus.com/inward/record.url?eid=2-s2.0-35748966172&partnerID=40&md5=188302b1b8f7cf821bf05245cde85c3f",Conference Paper,Scopus,2-s2.0-35748966172
"Stinghen, A.E., Barretti, P., Pecoits-Filho, R.","Factors contributing to the differences in peritonitis rates between centers and regions",2007,"Peritoneal Dialysis International","27","SUPPL. 2",,"S281","S285",,6,"http://www.scopus.com/inward/record.url?eid=2-s2.0-35748944890&partnerID=40&md5=1474ad0b991044b827f7b4b396a3fdbd",Conference Paper,Scopus,2-s2.0-35748944890
"Pecoits-Filho, R.","Introduction",2007,"Peritoneal Dialysis International","27","3",,"314","315",,1,"http://www.scopus.com/inward/record.url?eid=2-s2.0-34447318337&partnerID=40&md5=bace97626673fae8dd1f82eb92e0ed48",Editorial,Scopus,2-s2.0-34447318337
"Pecoits-Filho, R., Abensur, H., Cueto-Manzano, A.M., Dominguez, J., Divino Filho, J.C., Fernandez-Cean, J., Ortiz, A.M., Moretta, G., Ramos, A., Sanabria, M., Sesso, R., Paniágua, R.","Overview of peritoneal dialysis in Latin America",2007,"Peritoneal Dialysis International","27","3",,"316","321",,22,"http://www.scopus.com/inward/record.url?eid=2-s2.0-34447341430&partnerID=40&md5=d4fbe7328b0ac85ef2c188f67905c8d5",Review,Scopus,2-s2.0-34447341430
"Cueto-Manzano, A.M., González-Espinoza, L., del Campo, F.M., Fortes, P.C., Pecoits-Filho, R.","Inflammation in peritoneal Dialysis: A Latin-American perspective",2007,"Peritoneal Dialysis International","27","3",,"347","352",,8,"http://www.scopus.com/inward/record.url?eid=2-s2.0-34447318060&partnerID=40&md5=ea2624a5aac2ee04ce7530761894ecac",Review,Scopus,2-s2.0-34447318060
"Barberato, S.H., Pecoits-Filho, R.","Usefulness of Left Atrial Volume for the Differentiation of Normal from Pseudonormal Diastolic Function Pattern in Patients on Hemodialysis",2007,"Journal of the American Society of Echocardiography","20","4",,"359","365",,20,"http://www.scopus.com/inward/record.url?eid=2-s2.0-33947639518&partnerID=40&md5=fcf902f24115945073c7a4983aeb37d5",Article,Scopus,2-s2.0-33947639518
"Pecoits-Filho, R.","Dietary protein intake and kidney disease in western diet",2007,"Contributions to Nephrology","155",,,"102","112",,14,"http://www.scopus.com/inward/record.url?eid=2-s2.0-33947580036&partnerID=40&md5=b3f7a015a3050d6bdb1b608929a02473",Review,Scopus,2-s2.0-33947580036
"Martins, C., Mazza do Nascimento, M., Pecoits-Filho, R., Leinig, C., Gonçalves, L.F., Fuerbringer, R., Stenvinkel, P., Lindholm, B., Riella, M.C.","Insulin Resistance Is Associated With Circulating Fibrinogen Levels in Nondiabetic Patients Receiving Peritoneal Dialysis",2007,"Journal of Renal Nutrition","17","2",,"132","137",,7,"http://www.scopus.com/inward/record.url?eid=2-s2.0-33847166251&partnerID=40&md5=48b52040bfb9dd488654ff95a7fa3b33",Article,Scopus,2-s2.0-33847166251
"Grahl, D.A., Axelsson, J., Nordfors, L., Heimbürger, O., Bárány, P., Qureshi, A.R., Kato, S., Watanabe, M., Suliman, M., Riella, M.C., Lindholm, B., Stenvinkel, P., Pecoits-Filho, R.","Associations between the CYBA 242C/T and the MPO -463G/A polymorphisms, oxidative stress and cardiovascular disease in chronic kidney disease patients",2007,"Blood Purification","25","2",,"210","218",,10,"http://www.scopus.com/inward/record.url?eid=2-s2.0-33947418882&partnerID=40&md5=49b23ef509dfdb5ba451f1dc98663c79",Article,Scopus,2-s2.0-33947418882
"Pecoits-Filho, R.","Low levels of triiodothyronine as an independent risk factor for death in hemodialysis patients: Commentary",2007,"Nature Clinical Practice Nephrology","3","2",,"74","75",,,"http://www.scopus.com/inward/record.url?eid=2-s2.0-33846551941&partnerID=40&md5=edadf1e1c70f8360253dd601bb39bca2",Note,Scopus,2-s2.0-33846551941
"Haghdoost, S., Maruyama, Y., Pecoits-Filho, R., Heimburger, O., Seeberger, A., Anderstam, B., Suliman, M.E., Czene, S., Lindholm, B., Stenvinkel, P., Harms-Ringdahl, M.","Elevated serum 8-oxo-dG in hemodialysis patients: A marker of systemic inflammation?",2006,"Antioxidants and Redox Signaling","8","11-12",,"2169","2173",,13,"http://www.scopus.com/inward/record.url?eid=2-s2.0-33947706230&partnerID=40&md5=6c8f4ba55e308e8c3d87502d7a1fc080",Short Survey,Scopus,2-s2.0-33947706230
"Gonçalves, S., Pecoits-Filho, R., Perreto, S., Barberato, S.H., Stinghen, A.E.M., Lima, E.G.A., Fuerbringer, R., Sauthier, S.M., Riella, M.C.","Associations between renal function, volume status and endotoxaemia in chronic kidney disease patients",2006,"Nephrology Dialysis Transplantation","21","10",,"2788","2794",,40,"http://www.scopus.com/inward/record.url?eid=2-s2.0-33749631245&partnerID=40&md5=dd11aad9d03668b324eac8cbb79d61ad",Article,Scopus,2-s2.0-33749631245
"Barberato, S.H., Pecoits Filho, R.","Influence of preload reduction on Tei Index and other Doppler echocardiographic parameters of left ventricular function [Influência da redução da pré-carga sobre o índice de desempenho miocárdico (Índice de Tei) e outros parâmetros Doppler ecocardiográficos da função ventricular esquerda]",2006,"Arquivos Brasileiros de Cardiologia","86","6",,"425","431",,15,"http://www.scopus.com/inward/record.url?eid=2-s2.0-33745806526&partnerID=40&md5=e31c98595c102583d7e65e954c1f0145",Article,Scopus,2-s2.0-33745806526
"Pecoits-Filho, R.","Gene expression profiling: A 'fishing expedition' in search of dialysis biocompatibility",2006,"Blood Purification","24","2",,"234","235",,,"http://www.scopus.com/inward/record.url?eid=2-s2.0-32944457102&partnerID=40&md5=59f9db83feb3544f5121380181e54fea",Editorial,Scopus,2-s2.0-32944457102
"Honda, H., Qureshi, A.R., Heimbürger, O., Barany, P., Wang, K., Pecoits-Filho, R., Stenvinkel, P., Lindholm, B.","Serum albumin, C-reactive protein, interleukin 6, and fetuin a as predictors of malnutrition, cardiovascular disease, and mortality in patients with ESRD",2006,"American Journal of Kidney Diseases","47","1",,"139","148",,239,"http://www.scopus.com/inward/record.url?eid=2-s2.0-29244475380&partnerID=40&md5=5956c4aaa0568296a533087ee0b2b749",Article,Scopus,2-s2.0-29244475380
"Pecoits-Filho, R., Carvalho, M.J., Stenvinkel, P., Lindholm, B., Heimbürger, O.","Systemic and intraperitoneal interleukin-6 system during the first year of peritoneal dialysis",2006,"Peritoneal Dialysis International","26","1",,"53","63",,48,"http://www.scopus.com/inward/record.url?eid=2-s2.0-33745513606&partnerID=40&md5=8c213fe9d32144d8cfc2bd38acf63cf7",Article,Scopus,2-s2.0-33745513606
"Suliman, M.E., Qureshi, A.R., Stenvinkel, P., Pecoits-Filho, R., Bárány, P., Heimbürger, O., Anderstam, B., Ayala, E.R., Divino Filho, J.C., Alvestrand, A., Lindholm, B.","Inflammation contributes to low plasma amino acid concentrations in patients with chronic kidney disease",2005,"American Journal of Clinical Nutrition","82","2",,"342","349",,22,"http://www.scopus.com/inward/record.url?eid=2-s2.0-24044532227&partnerID=40&md5=7e3d131ef313964d07ba2f67c1b3c50e",Article,Scopus,2-s2.0-24044532227
"Maruyama, Y., Nordfors, L., Stenvinkel, P., Heimbürger, O., Bárány, P., Pecoits-Filho, R., Axelsson, J., Hoff, C.M., Holmes, C.J., Schalling, M., Lindholm, B.","Interleukin-1 gene cluster polymorphisms are associated with nutritional status and inflammation in patients with end-stage renal disease",2005,"Blood Purification","23","5",,"384","393",,17,"http://www.scopus.com/inward/record.url?eid=2-s2.0-23944502788&partnerID=40&md5=b95a1bf5ad44b7b91d4ddcde0a05799f",Article,Scopus,2-s2.0-23944502788
"Pecoits-Filho, R.","The peritoneal cavity: A room with a view to the endothelium",2005,"Peritoneal Dialysis International","25","5",,"432","434",,6,"http://www.scopus.com/inward/record.url?eid=2-s2.0-26844490616&partnerID=40&md5=acce86aab2729a8e74baea5c3183f296",Note,Scopus,2-s2.0-26844490616
"Stenvinkel, P., Pecoits-Filho, R., Lindholm, B.","Gene polymorphism association studies in dialysis: The nutrition- inflammation axis",2005,"Seminars in Dialysis","18","4",,"322","330",,16,"http://www.scopus.com/inward/record.url?eid=2-s2.0-23844511516&partnerID=40&md5=b1acfb7f5824b9e4b7f69000345a882b",Review,Scopus,2-s2.0-23844511516
"Pecoits-Filho, R., Sylvestre, L.C., Stenvinkel, P.","Chronic kidney disease and inflammation in pediatric patients: From bench to playground",2005,"Pediatric Nephrology","20","6",,"714","720",,23,"http://www.scopus.com/inward/record.url?eid=2-s2.0-18644377770&partnerID=40&md5=8d8d3ff94e2753a210868621b54a3f69",Review,Scopus,2-s2.0-18644377770
"Stenvinkel, P., Wang, K., Qureshi, A.R., Axelsson, J., Pecoits-Filho, R., Gao, P., Barany, P., Lindholm, B., Jogestrand, T., Heimbürger, O., Holmes, C., Schalling, M., Nordfors, L.","Low fetuin-A levels are associated with cardiovascular death: Impact of variations in the gene encoding fetuin",2005,"Kidney International","67","6",,"2383","2392",,198,"http://www.scopus.com/inward/record.url?eid=2-s2.0-21344437506&partnerID=40&md5=2fa721ab387e142a699eb93d03ba4a44",Article,Scopus,2-s2.0-21344437506
"Nascimento, M.M., Bruchfeld, A., Suliman, M.E., Hayashi, S.Y., Pecoits-Filho, R., Manfro, R.C., Pachaly, M.A., Renner, L., Stenvinkel, P., Riella, M.C., Lindholm, B.","Effect of hepatitis C serology on C-reactive protein in a cohort of Brazilian hemodialysis patients",2005,"Brazilian Journal of Medical and Biological Research","38","5",,"783","788",,18,"http://www.scopus.com/inward/record.url?eid=2-s2.0-20944446930&partnerID=40&md5=4910f5356a44e0873b92579d58f02791",Article,Scopus,2-s2.0-20944446930
"Stenvinkel, P., Ketteler, M., Johnson, R.J., Lindholm, B., Pecoits-Filho, R., Riella, M., Heimbürger, O., Cederholm, T., Girndt, M.","IL-10, IL-6, and TNF-α: Central factors in the altered cytokine network of uremia - The good, the bad, and the ugly",2005,"Kidney International","67","4",,"1216","1233",,328,"http://www.scopus.com/inward/record.url?eid=2-s2.0-16244367738&partnerID=40&md5=057d4e6c209cb8d8c3dbbca2425682db",Review,Scopus,2-s2.0-16244367738
"Yao, Q., Wang, X., Chung, S.H., Pecoits-Filho, R., Stenvinkel, P., Wang, T., Heimbürger, O., Lindholm, B.","The role of peritoneal dialysis in renal replacement therapy: An update on medical aspects",2005,"Panminerva Medica","47","1",,"19","30",,,"http://www.scopus.com/inward/record.url?eid=2-s2.0-22144496098&partnerID=40&md5=2b80d7cdc75af0cb4c0a0ff17aff11c0",Review,Scopus,2-s2.0-22144496098
"Yao, Q., Pecoits-Filho, R., Lindholm, B., Stenvinkel, P.","Traditional and non-traditional risk factors as contributors to atherosclerotic cardiovascular disease in end-stage renal disease",2004,"Scandinavian Journal of Urology and Nephrology","38","5",,"405","416",,62,"http://www.scopus.com/inward/record.url?eid=2-s2.0-9244231751&partnerID=40&md5=fe68c1215d9e791bb65cf1306716f64a",Review,Scopus,2-s2.0-9244231751
"Nascimento, M.M., Suliman, M.E., Bruchfeld, A., Hayashi, S.Y., Manfro, R.C., Qureshi, A.R., Pecoits-Filho, R., Pachaly, M.A., Renner, L., Stenvinkel, P., Riella, M.C., Lindholm, B.","The influence of hepatitis C and iron replacement therapy on plasma pentosidine levels in haemodialyis patients",2004,"Nephrology Dialysis Transplantation","19","12",,"3112","3116",,16,"http://www.scopus.com/inward/record.url?eid=2-s2.0-19944427971&partnerID=40&md5=24d8c5d02307ae1c334ec7e7e902f3d2",Article,Scopus,2-s2.0-19944427971
"Silva, M.M., Pecoits-Filho, R., Rocha, C.S., Stinghen, A.E., Pachaly, M.A., Nascimento, M.M., Campos, R.P., Sauthier, S., Fuerbringer, R., Riellal, M.C.","The recommendations from the International Society for Peritoneal Dialysis for Peritonitis Treatment: a single-center historical comparison.",2004,"Advances in peritoneal dialysis. Conference on Peritoneal Dialysis","20",,,"74","77",,6,"http://www.scopus.com/inward/record.url?eid=2-s2.0-7044222844&partnerID=40&md5=c8e6406e59e361f1a78b2687fc519c1c",Article,Scopus,2-s2.0-7044222844
"Axelsson, J., Qureshi, A.R., Suliman, M.E., Honda, H., Pecoits-Filho, R., Heimbürger, O., Lindholm, B., Cederholm, T., Stenvinkel, P.","Truncal fat mass as a contributor to inflammation in end-stage renal disease",2004,"American Journal of Clinical Nutrition","80","5",,"1222","1229",,126,"http://www.scopus.com/inward/record.url?eid=2-s2.0-11844300847&partnerID=40&md5=18b84ae7ecaeea87c076ef7c17c5a1a2",Article,Scopus,2-s2.0-11844300847
"Nascimento, M.M., Pecoits-Filho, R., Qureshi, A.R., Hayashi, S.Y., Manfro, R.C., Pachaly, M.A., Renner, L., Stenvinkel, P., Lindholm, B., Riella, M.C.","The prognostic impact of fluctuating levels of C-reactive protein in Brazilian haemodialysis patients: A prospective study",2004,"Nephrology Dialysis Transplantation","19","11",,"2803","2809",,45,"http://www.scopus.com/inward/record.url?eid=2-s2.0-8344238880&partnerID=40&md5=8c454b01cc673eba9f0fb9c13bfdbd56",Article,Scopus,2-s2.0-8344238880
"Barberato, S.H., Mantilla, D.E.V., Misocami, M., Gonçalves, S.M., Bignelli, A.T., Riella, M.C., Pecoits-Filho, R.","Effect of preload reduction by hemodialysis on left atrial volume and echocardiographic Doppler parameters in patients with end-stage renal disease",2004,"American Journal of Cardiology","94","9",,"1208","1210",,34,"http://www.scopus.com/inward/record.url?eid=2-s2.0-7044270776&partnerID=40&md5=b455ec055a10fb1e3f93ca97e0023bf1",Article,Scopus,2-s2.0-7044270776
"Pecoits-Filho, R., Gonçalves, S., Barberato, S.H., Bignelli, A., Lindholm, B., Riella, M.C., Stenvinkel, P.","Impact of residual renal function on volume status in chronic renal failure",2004,"Blood Purification","22","3",,"285","292",,27,"http://www.scopus.com/inward/record.url?eid=2-s2.0-4444282184&partnerID=40&md5=a32377751a2054bf214e6b9efaa2e9bd",Review,Scopus,2-s2.0-4444282184
"Marchlewska, A., Stenvinkel, P., Lindholm, B., Danielsson, A., Pecoits-Filho, R., Lönnqvist, F., Schalling, M., Heimbürger, O., Nordfors, L.","Reduced gene expression of adiponectin in fat tissue from patients with end-stage renal disease",2004,"Kidney International","66","1",,"46","50",,53,"http://www.scopus.com/inward/record.url?eid=2-s2.0-3042810102&partnerID=40&md5=ef19dbd18877ef116dba3ed12bf975ff",Article,Scopus,2-s2.0-3042810102
"Pecoits-Filho, R., Stenvinkel, P., Yee-Moon Wang, A., Heimbürger, O., Lindholm, B.","Chronic inflammation in peritoneal dialysis: The search for the holy grail?",2004,"Peritoneal Dialysis International","24","4",,"327","339",,63,"http://www.scopus.com/inward/record.url?eid=2-s2.0-4444236544&partnerID=40&md5=426bbf512096f732219bf53b1e330f7e",Review,Scopus,2-s2.0-4444236544
"Sotta, E.D., Madalozzo, T.M., Percegona, L., Pereira, J., Bignelli, A., Senegaglia, A., Pecoits-Filho, R., Riella, M.C.","Establishing an islet transplantation program in a developing country",2004,"Transplantation Proceedings","36","6",,"1700","1703",,3,"http://www.scopus.com/inward/record.url?eid=2-s2.0-4444302570&partnerID=40&md5=933e293df74ae6298f00fe70199d7173",Conference Paper,Scopus,2-s2.0-4444302570
"Martins, C., Pecoits-Filho, R., Riella, M.C.","Nutrition for the post-renal transplant recipients",2004,"Transplantation Proceedings","36","6",,"1650","1654",,18,"http://www.scopus.com/inward/record.url?eid=2-s2.0-4444334341&partnerID=40&md5=a9c3b3633fabb9bd5b45277fee5c30f4",Conference Paper,Scopus,2-s2.0-4444334341
"Nascimento, M.M., Qureshi, A.R., Stenvinkel, P., Pecoits-Filho, R., Heimbürger, O., Cederholm, T., Lindholm, B., Bárány, P.","Malnutrition and inflammation are associated with impaired pulmonary function in patients with chronic kidney disease",2004,"Nephrology Dialysis Transplantation","19","7",,"1823","1828",,18,"http://www.scopus.com/inward/record.url?eid=2-s2.0-3242708480&partnerID=40&md5=ec068b1e3ac8191eb87a040d09b0177e",Article,Scopus,2-s2.0-3242708480
"Ayala, E.R., Pecoits-Filho, R., Heimbürger, O., Lindholm, B., Nordfors, L., Stenvinkel, P.","Associations between plasma ghrelin levels and body composition in end-stage renal disease: A longitudinal study",2004,"Nephrology Dialysis Transplantation","19","2",,"421","426",,85,"http://www.scopus.com/inward/record.url?eid=2-s2.0-1042268898&partnerID=40&md5=c6d27b4e2381213fe5b36febd0199dd3",Article,Scopus,2-s2.0-1042268898
"Stenvinkel, P., Marchlewska, A., Pecoits-Filho, R., Heimbürger, O., Zhang, Z., Hoff, C., Holmes, C., Axelsson, J., Arvidsson, S., Schalling, M., Barany, P., Lindholm, B., Nordfors, L.","Adiponectin in renal disease: Relationship to phenotype and genetic variation in the gene encoding adiponectin",2004,"Kidney International","65","1",,"274","281",,122,"http://www.scopus.com/inward/record.url?eid=2-s2.0-0346101485&partnerID=40&md5=7e96c349edb284909684011370bfb72d",Article,Scopus,2-s2.0-0346101485
"Pecoits-Filho, R., Tranaeus, A., Lindholm, B.","Clinical trial experiences with Physioneal™",2003,"Kidney International, Supplement","64","88",,"S100","S104",,2,"http://www.scopus.com/inward/record.url?eid=2-s2.0-0345305342&partnerID=40&md5=42c1a56a846afc75f53e6782ea0f3819",Review,Scopus,2-s2.0-0345305342
"Pecoits-Filho, R., Stenvinkel, P., Heimbürger, O., Lindholm, B.","Beyond the membrane - The role of new PD solutions in enhancing global biocompatibility",2003,"Kidney International, Supplement","64","88",,"S124","S132",,15,"http://www.scopus.com/inward/record.url?eid=2-s2.0-0344442351&partnerID=40&md5=319860a6bb3e1c6f08ffb3eb8f9ece19",Review,Scopus,2-s2.0-0344442351
"Stenvinkel, P., Pecoits-Filho, R., Lindholm, B.","Leptin, Ghrelin, and Proinflammatory Cytokines: Compounds with Nutritional Impact in Chronic Kidney Disease?",2003,"Advances in Renal Replacement Therapy","10","4",,"332","345",,28,"http://www.scopus.com/inward/record.url?eid=2-s2.0-0348048495&partnerID=40&md5=c01248b84416580f447ae367b6e08df8",Review,Scopus,2-s2.0-0348048495
"Stenvinkel, P., Pecoits-Filho, R., Lindholm, B.","Coronary artery disease in end-stage renal disease: No longer a simple plumbing problem",2003,"Journal of the American Society of Nephrology","14","7",,"1927","1939",,161,"http://www.scopus.com/inward/record.url?eid=2-s2.0-0038544612&partnerID=40&md5=65e65dbffbc9fbe6b19265428d1a48d9",Review,Scopus,2-s2.0-0038544612
"Pecoits-Filho, R., Lindholm, B., Axelsson, J., Stenvinkel, P.","Update on interleukin-6 and its role in chronic renal failure",2003,"Nephrology Dialysis Transplantation","18","6",,"1042","1045",,33,"http://www.scopus.com/inward/record.url?eid=2-s2.0-0038008000&partnerID=40&md5=44ae26e3a658d937f4b0237f06fccb66",Editorial,Scopus,2-s2.0-0038008000
"Suliman, M.E., Heimbürger, O., Bárány, P., Anderstam, B., Pecoits-Filho, R., Ayala, E.R., Qureshi, A.R., Fehrman-Ekholm, I., Lindholm, B., Stenvinkel, P.","Plasma pentosidine is associated with inflammation and malnutrition in end-stage renal disease patients starting on dialysis therapy",2003,"Journal of the American Society of Nephrology","14","6",,"1614","1622",,83,"http://www.scopus.com/inward/record.url?eid=2-s2.0-0037835940&partnerID=40&md5=1f8882585e0c8c2d35f09902a994fd6d",Article,Scopus,2-s2.0-0037835940
"Pecoits-Filho, R., Lindholm, B., Stenvinkel, P.","End-stage renal disease: A state of chronic inflammation and hyperleptinemia [2]",2003,"European Journal of Clinical Investigation","33","6",,"527","528",,20,"http://www.scopus.com/inward/record.url?eid=2-s2.0-0037561481&partnerID=40&md5=307878be1fd9a04b510f074e83e4b60c",Letter,Scopus,2-s2.0-0037561481
"Pecoits-Filho, R., Heimbürger, O., Bárány, P., Suliman, M., Fehrman-Ekholm, I., Lindholm, B., Stenvinkel, P.","Associations between circulating inflammatory markers and residual renal function in CRF patients",2003,"American Journal of Kidney Diseases","41","6",,"1212","1218",,214,"http://www.scopus.com/inward/record.url?eid=2-s2.0-0038100467&partnerID=40&md5=055988b38439a355d6f50b7596fdd76e",Article,Scopus,2-s2.0-0038100467
"Pecoits-Filho, R., Nordfors, L., Lindholm, B., Hoff, C.M., Schalling, M., Stenvinkel, P.","Genetic approaches in the clinical investigation of complex disorders: Malnutrition, inflammation, and atherosclerosis (MIA) as a prototype",2003,"Kidney International, Supplement","63","84",,"S162","S167",,27,"http://www.scopus.com/inward/record.url?eid=2-s2.0-0242500831&partnerID=40&md5=544b578082134c92fd1abace80548fbe",Conference Paper,Scopus,2-s2.0-0242500831
"Pecoits-Filho, R., Stenvinkel, P., Marchlewska, A., Heimburger, O., Bárány, P., Hoff, C.M., Holmes, C.J., Suliman, M., Lindholm, B., Schalling, M., Nordfors, L.","A functional variant of the myeloperoxidase gene is associated with cardiovascular disease in end-stage renal disease patients",2003,"Kidney International, Supplement","63","84",,"S172","S176",,98,"http://www.scopus.com/inward/record.url?eid=2-s2.0-0037406516&partnerID=40&md5=455c3d0f8fd0d2e23d0125b169b4d474",Conference Paper,Scopus,2-s2.0-0037406516
"Löwbeer, C., Stenvinkel, P., Pecoits-Filho, R., Heimbürger, O., Lindholm, B., Gustafsson, S.A., Seeberger, A.","Elevated cardiac troponin T in predialysis patients is associated with inflammation and predicts mortality",2003,"Journal of Internal Medicine","253","2",,"153","160",,39,"http://www.scopus.com/inward/record.url?eid=2-s2.0-0037318642&partnerID=40&md5=07542de1a092b3d89d4bc8894eccd5f7",Article,Scopus,2-s2.0-0037318642
"Pecoits-Filho, R., Nordfors, L., Heimbürger, O., Lindholm, B., Anderstam, B., Marchlewska, A., Stenvinkel, P.","Soluble leptin receptors and serum leptin in end-stage renal disease: Relationship with inflammation and body composition",2002,"European Journal of Clinical Investigation","32","11",,"811","817",,57,"http://www.scopus.com/inward/record.url?eid=2-s2.0-0036435664&partnerID=40&md5=741a4faca5c3d6fc5c4314f939a7bfe8",Article,Scopus,2-s2.0-0036435664
"Pecoits-Filho, R., Lindholm, B., Stenvinkel, P.","The malnutrition, inflammation, and atherosclerosis (MIA) syndrome - The heart of the matter",2002,"Nephrology Dialysis Transplantation","17","SUPPL. 11",,"28","31",,218,"http://www.scopus.com/inward/record.url?eid=2-s2.0-0036413438&partnerID=40&md5=077c81427607bec8ac942f9cf5a64214",Article,Scopus,2-s2.0-0036413438
"Nascimento, M.M., Pecoits-Filho, R., Lindholm, B., Riella, M.C., Stenvinkel, P.","Inflammation, malnutrition and atherosclerosis in end-stage renal disease: A global perspective",2002,"Blood Purification","20","5",,"454","458",,37,"http://www.scopus.com/inward/record.url?eid=2-s2.0-0036041908&partnerID=40&md5=c53f7080ef806e4d0ade68b48818b24e",Conference Paper,Scopus,2-s2.0-0036041908
"Pecoits-Filho, R., Bárány, P., Lindholm, B., Heimbürger, O., Stenvinkel, P.","Interleukin-6 is an independent predictor of mortality in patients starting dialysis treatment",2002,"Nephrology Dialysis Transplantation","17","9",,"1684","1688",,241,"http://www.scopus.com/inward/record.url?eid=2-s2.0-0036712017&partnerID=40&md5=aa492d21a19b9af6deb4619ac000c293",Article,Scopus,2-s2.0-0036712017
"Pecoits-Filho, R., Araújo, M.R.T., Lindholm, B., Stenvinkel, P., Abensur, H., Romão Jr., J.E., Marcondes, M., De Oliveira, A.H.F., Noronha, I.L.","Plasma and dialysate IL-6 and VEGF concentrations are associated with high peritoneal solute transport rate",2002,"Nephrology Dialysis Transplantation","17","8",,"1480","1486",,111,"http://www.scopus.com/inward/record.url?eid=2-s2.0-0035993284&partnerID=40&md5=b7c6ca2d9d831d0348223312532737dd",Article,Scopus,2-s2.0-0035993284
"Teixeira Araújo, M.R., Pecoits-Filho, R.F.S., Romão Jr., J.E., Sabbaga, E., Marcondes, M.M., Abensur, H.","The relationship between ultrafiltrate volume with icodextrin and peritoneal transport pattern according to the peritoneal equilibration test",2002,"Peritoneal Dialysis International","22","2",,"229","233",,25,"http://www.scopus.com/inward/record.url?eid=2-s2.0-0036098446&partnerID=40&md5=c5b0b89ed6c6dab25cd3b007bcc8c511",Article,Scopus,2-s2.0-0036098446
"Stenvinkel, P., Barany, P., Heimbur̈ger, O., Pecoits-Filho, R., Lindholm, B.","Mortality, malnutrition, and atherosclerosis in ESRD: What is the role of interleukin-6?",2002,"Kidney International, Supplement","61","80",,"S103","S108",,137,"http://www.scopus.com/inward/record.url?eid=2-s2.0-0035999933&partnerID=40&md5=e254c3cfa55fcc9249403c0bbf753110",Conference Paper,Scopus,2-s2.0-0035999933
"Pecoits-Filho, R., Mujais, S., Lindholm, B.","Future of icodextrin as an osmotic agent in peritoneal dialysis",2002,"Kidney International, Supplement","62","81",,"S80","S87",,18,"http://www.scopus.com/inward/record.url?eid=2-s2.0-0036376771&partnerID=40&md5=6ab049d844441bee57f5c1aba3a87a02",Review,Scopus,2-s2.0-0036376771
"Marmanillo, C.G., Pecoits-Filho, R.F.S., Romão Jr., J.E., Kakehashi, E.T., Sabbaga, E., Marcondes, M., Abensur, H.","Reciprocal influences between ambulatorial peritoneal dialysis and pulmonary function",2001,"Artificial Organs","25","11",,"876","881",,2,"http://www.scopus.com/inward/record.url?eid=2-s2.0-0035664494&partnerID=40&md5=f18ff877dab811da78156cd7e074cbe5",Article,Scopus,2-s2.0-0035664494
"Aranda, R.A., Pecoits-Filho, R.F.S., Romao J.E., Jr., Kakehashi, E., Sabbaga, E., Marcondes, M., Abensur, H.","Kt/V in children on CAPD: How much is enough?",1999,"Peritoneal Dialysis International","19","6",,"588","590",,9,"http://www.scopus.com/inward/record.url?eid=2-s2.0-0033377284&partnerID=40&md5=e3000f1f01774cf5d084f35cb3dcb813",Article,Scopus,2-s2.0-0033377284
"Pecoits-Filho, R.F.S., Twardowski, Z.J., Kim, Y.-L., Khanna, R., Moore, H., Nolph, K.D.","The absence of toxicity in intraperitoneal iron dextran administration: A functional and histological analysis",1998,"Peritoneal Dialysis International","18","1",,"64","70",,11,"http://www.scopus.com/inward/record.url?eid=2-s2.0-0031945155&partnerID=40&md5=72e2805bb7d60d34f90dc360cf09447a",Article,Scopus,2-s2.0-0031945155
